CustomerSegment,UniqueCustomers,TotalRevenue
New,578,1236639.9499999983
Regular,777,1694444.4199999967
VIP,144,524359.3899999998
