MonthYear,TotalRevenue,TotalTransactions
2025-04,7653.4,6
2025-05,277238.75999999995,852
2025-06,291652.6199999998,881
2025-07,261576.00000000015,866
2025-08,296876.3599999998,853
2025-09,283522.2800000001,848
2025-10,300338.9599999999,902
2025-11,289436.29999999993,867
2025-12,310126.0400000005,890
2026-01,314480.9300000004,924
2026-02,303106.8899999998,844
2026-03,272860.48999999993,871
2026-04,246574.72999999995,785
